<?xml version="1.0" encoding="UTF-8"?>
<project-private xmlns="http://www.netbeans.org/ns/project-private/1">
    <editor-bookmarks xmlns="http://www.netbeans.org/ns/editor-bookmarks/2" lastBookmarkId="0"/>
    <open-files xmlns="http://www.netbeans.org/ns/projectui-open-files/2">
        <group>
            <file>file:/C:/xampp/htdocs/Appcomanda/src/java/GestorBD/ConexionDB.java</file>
            <file>file:/C:/xampp/htdocs/Appcomanda/src/java/ser/ModificarCarta.java</file>
            <file>file:/C:/xampp/htdocs/Appcomanda/src/java/ser/NuevoBar.java</file>
            <file>file:/C:/xampp/htdocs/Appcomanda/web/Usuario/Estadisticas.jsp</file>
            <file>file:/C:/xampp/htdocs/Appcomanda/src/java/ser/AddCarta.java</file>
            <file>file:/C:/xampp/htdocs/Appcomanda/src/java/ser/BorrarProducto.java</file>
            <file>file:/C:/xampp/htdocs/Appcomanda/src/java/GestorBD/ServiciosAppComanda.java</file>
            <file>file:/C:/xampp/htdocs/Appcomanda/src/java/ser/NuevoUsuario.java</file>
            <file>file:/C:/xampp/htdocs/Appcomanda/src/java/ser/BorrarBar.java</file>
            <file>file:/C:/xampp/htdocs/Appcomanda/src/java/ser/AddOferta.java</file>
            <file>file:/C:/xampp/htdocs/Appcomanda/web/Bar/Estadisticas.jsp</file>
        </group>
    </open-files>
</project-private>
